snapshot_date,cohort,cohort_label,holdings,win_rate,mean_return,median_return,mean_alpha,sp500_mean_return,avg_days_held,best_symbol,worst_symbol
2026-09-24,top_10,Top 10 by peak score,10,0.5,0.0378,0.0199,0.004,0.0338,80,NTRA,ALL
2026-09-24,top_20,Top 20 by peak score,20,0.35,-0.01,-0.0192,-0.0382,0.0282,81,NTRA,GS
2026-09-24,top_30,Top 30 by peak score,30,0.3,-0.0375,-0.0482,-0.0633,0.0259,74.2,NTRA,GFS
2026-09-24,score_90,Score ≥ 90,448,0.3951,-0.0226,-0.0266,-0.0501,0.0275,91.4,VEEV,APP
2026-09-24,score_92,Score ≥ 92,315,0.3873,-0.0234,-0.0273,-0.0486,0.0252,83.8,VLO,APP
2026-09-24,score_95,Score ≥ 95,89,0.3483,-0.0215,-0.0395,-0.0401,0.0186,67,NTRA,GFS
2026-09-23,top_10,Top 10 by peak score,10,0.5,0.0243,0.0172,-0.0103,0.0346,79,NTRA,ALL
2026-09-23,top_20,Top 20 by peak score,20,0.4,-0.0127,-0.0087,-0.0417,0.029,80,NTRA,ALL
2026-09-23,top_30,Top 30 by peak score,30,0.3333,-0.0383,-0.0461,-0.065,0.0267,73.2,NTRA,GFS
2026-09-23,score_90,Score ≥ 90,447,0.4228,-0.0158,-0.0196,-0.0442,0.0284,90.6,MPC,APP
2026-09-23,score_92,Score ≥ 92,313,0.3994,-0.0167,-0.0182,-0.0429,0.0262,83.3,VLO,APP
2026-09-23,score_95,Score ≥ 95,89,0.3483,-0.0198,-0.0357,-0.0393,0.0194,66,NTRA,GFS
2026-09-22,top_10,Top 10 by peak score,10,0.5,0.0326,0.0285,-0.0095,0.0421,78,NTRA,ALL
2026-09-22,top_20,Top 20 by peak score,20,0.45,-0.0069,-0.0175,-0.0434,0.0365,79,NTRA,GEV
2026-09-22,top_30,Top 30 by peak score,30,0.3333,-0.0325,-0.0437,-0.0667,0.0341,72.2,NTRA,GFS
2026-09-22,score_90,Score ≥ 90,447,0.4362,-0.0078,-0.0175,-0.0437,0.0359,89.6,UMC,STRL
2026-09-22,score_92,Score ≥ 92,311,0.4277,-0.0102,-0.0178,-0.044,0.0338,82.9,VLO,GFS
2026-09-22,score_95,Score ≥ 95,89,0.3596,-0.0136,-0.0243,-0.0404,0.0268,65,NTRA,GFS
2026-09-21,top_10,Top 10 by peak score,10,0.5,0.036,0.028,-0.0063,0.0423,77,NTRA,IHG
2026-09-21,top_20,Top 20 by peak score,20,0.45,-0.0038,-0.0096,-0.0405,0.0366,78,NTRA,GEV
2026-09-21,top_30,Top 30 by peak score,30,0.3333,-0.0271,-0.0363,-0.0615,0.0343,71.2,NTRA,GFS
2026-09-21,score_90,Score ≥ 90,446,0.4417,-0.0067,-0.0134,-0.0428,0.0361,88.8,MPC,STRL
2026-09-21,score_92,Score ≥ 92,309,0.4337,-0.0097,-0.0108,-0.0437,0.034,82,MPC,APP
2026-09-21,score_95,Score ≥ 95,89,0.4045,-0.0078,-0.0159,-0.0347,0.027,64,VLO,GFS
2026-09-18,top_10,Top 10 by peak score,10,0.5,0.0345,0.0183,0.0107,0.0238,74,NTRA,IHG
2026-09-18,top_20,Top 20 by peak score,20,0.45,-0.0086,-0.0003,-0.0269,0.0183,75,NTRA,GEV
2026-09-18,top_30,Top 30 by peak score,30,0.3333,-0.0315,-0.0407,-0.0475,0.016,68.2,NTRA,GFS
2026-09-18,score_90,Score ≥ 90,444,0.4437,-0.0111,-0.0153,-0.029,0.0179,86.2,VLO,APP
2026-09-18,score_92,Score ≥ 92,308,0.4156,-0.0128,-0.0163,-0.0287,0.0158,79.3,CRWD,APP
2026-09-18,score_95,Score ≥ 95,87,0.3793,-0.0155,-0.0178,-0.0241,0.0087,61.3,NTRA,GFS
2026-09-17,top_10,Top 10 by peak score,10,0.6,0.0422,0.0503,0.0171,0.025,73,NTRA,IHG
2026-09-17,top_20,Top 20 by peak score,20,0.45,-0.007,-0.0111,-0.0265,0.0195,74,NTRA,GEV
2026-09-17,top_30,Top 30 by peak score,30,0.3667,-0.0295,-0.0388,-0.0467,0.0172,67.2,NTRA,GFS
2026-09-17,score_90,Score ≥ 90,444,0.4595,-0.0071,-0.0075,-0.0262,0.0191,85.2,CRWD,STRL
2026-09-17,score_92,Score ≥ 92,308,0.4351,-0.0091,-0.0103,-0.0262,0.0171,78.3,CRWD,GFS
2026-09-17,score_95,Score ≥ 95,85,0.4118,-0.0113,-0.0122,-0.0214,0.0101,61.7,NTRA,GFS
2026-09-16,top_10,Top 10 by peak score,10,0.6,0.0307,0.0449,0.0172,0.0136,72,NTRA,IHG
2026-09-16,top_20,Top 20 by peak score,20,0.45,-0.0159,-0.0357,-0.024,0.0081,73,NTRA,GEV
2026-09-16,top_30,Top 30 by peak score,30,0.3333,-0.0366,-0.0357,-0.0424,0.0058,66.2,NTRA,GFS
2026-09-16,score_90,Score ≥ 90,445,0.4584,-0.0099,-0.0122,-0.0177,0.0078,84.8,MPC,GFS
2026-09-16,score_92,Score ≥ 92,307,0.4169,-0.0149,-0.0186,-0.0206,0.0057,77.5,CRWD,GFS
2026-09-16,score_95,Score ≥ 95,86,0.3837,-0.0102,-0.0169,-0.0095,-0.0007,61.2,VLO,GFS
2026-09-15,top_10,Top 10 by peak score,10,0.6,0.0417,0.0686,0.0236,0.0181,71,NTRA,IHG
2026-09-15,top_20,Top 20 by peak score,20,0.45,-0.0111,-0.0267,-0.0236,0.0125,72,NTRA,GEV
2026-09-15,top_30,Top 30 by peak score,30,0.3667,-0.0303,-0.0267,-0.0406,0.0103,65.2,NTRA,GFS
2026-09-15,score_90,Score ≥ 90,444,0.4955,-0.0022,-0.0002,-0.0145,0.0123,83.8,CRM,STRL
2026-09-15,score_92,Score ≥ 92,306,0.4706,-0.0032,-0.0079,-0.0134,0.0103,77.2,MPC,GFS
2026-09-15,score_95,Score ≥ 95,84,0.4286,-0.0004,-0.0091,-0.004,0.0037,61.6,VLO,GFS
2026-09-14,top_10,Top 10 by peak score,10,0.6,0.0426,0.0701,0.0199,0.0227,70,NTRA,IHG
2026-09-14,top_20,Top 20 by peak score,20,0.45,-0.0102,-0.0219,-0.0274,0.0172,71,NTRA,GEV
2026-09-14,top_30,Top 30 by peak score,29,0.3793,-0.0303,-0.0272,-0.0456,0.0153,66.4,NTRA,GFS
2026-09-14,score_90,Score ≥ 90,444,0.518,0.0028,0.0033,-0.0142,0.017,83,CRM,STRL
2026-09-14,score_92,Score ≥ 92,306,0.4837,0.0018,-0.0024,-0.0132,0.015,76.6,VLO,GFS
2026-09-14,score_95,Score ≥ 95,84,0.4881,0.0019,-0.005,-0.0063,0.0083,60.6,VLO,GFS
2026-09-11,top_10,Top 10 by peak score,10,0.6,0.0308,0.049,0.0035,0.0273,67,NTRA,IHG
2026-09-11,top_20,Top 20 by peak score,20,0.4,-0.0078,-0.0159,-0.0295,0.0217,68,NTRA,GEV
2026-09-11,top_30,Top 30 by peak score,29,0.3103,-0.0293,-0.0341,-0.0487,0.0195,64.8,NTRA,GFS
2026-09-11,score_90,Score ≥ 90,444,0.509,0.0056,0.003,-0.0159,0.0215,80,TEAM,STRL
2026-09-11,score_92,Score ≥ 92,305,0.5082,0.0045,0.0004,-0.015,0.0195,73.8,NTRA,GFS
2026-09-11,score_95,Score ≥ 95,84,0.4881,0.0039,-0.0006,-0.009,0.0128,57.6,VLO,GFS
2026-09-10,top_10,Top 10 by peak score,10,0.5,0.0231,0.0524,0.0044,0.0187,66,NTRA,IHG
2026-09-10,top_20,Top 20 by peak score,20,0.35,-0.0131,-0.0191,-0.0263,0.0132,67,NTRA,GEV
2026-09-10,top_30,Top 30 by peak score,30,0.2667,-0.035,-0.0339,-0.0459,0.0108,65.1,NTRA,GFS
2026-09-10,score_90,Score ≥ 90,445,0.4944,0,-0.001,-0.013,0.013,79.1,TEAM,STRL
2026-09-10,score_92,Score ≥ 92,304,0.4737,-0.0023,-0.0045,-0.0134,0.011,73,NTRA,GFS
2026-09-10,score_95,Score ≥ 95,84,0.4286,-0.002,-0.0085,-0.0063,0.0043,56.6,VLO,GFS
2026-09-09,top_10,Top 10 by peak score,10,0.5,0.0283,0.0456,0.0036,0.0248,65,NTRA,IHG
2026-09-09,top_20,Top 20 by peak score,19,0.4211,-0.0044,-0.0117,-0.0243,0.0199,69.5,NTRA,GEV
2026-09-09,top_30,Top 30 by peak score,29,0.3103,-0.0272,-0.0209,-0.0444,0.0172,66.4,NTRA,GFS
2026-09-09,score_90,Score ≥ 90,445,0.4966,0.0075,-0.0002,-0.0115,0.019,78.1,HPE,APP
2026-09-09,score_92,Score ≥ 92,303,0.505,0.0045,0.0022,-0.0126,0.0171,72.3,NTRA,APP
2026-09-09,score_95,Score ≥ 95,84,0.4405,0.003,-0.0083,-0.0073,0.0103,55.6,VLO,GFS
2026-09-08,top_10,Top 10 by peak score,10,0.5,0.0302,0.0571,0.0007,0.0296,64,NTRA,IHG
2026-09-08,top_20,Top 20 by peak score,20,0.45,0.0021,-0.0044,-0.0227,0.0247,68.5,NTRA,GEV
2026-09-08,top_30,Top 30 by peak score,30,0.4,-0.0218,-0.0117,-0.043,0.0212,63.8,NTRA,GFS
2026-09-08,score_90,Score ≥ 90,445,0.5169,0.0142,0.003,-0.0096,0.0237,77.1,CRM,GFS
2026-09-08,score_92,Score ≥ 92,304,0.5197,0.0126,0.0067,-0.0093,0.0219,71.4,VLO,GFS
2026-09-08,score_95,Score ≥ 95,84,0.4762,0.0088,0,-0.0062,0.015,54.6,VLO,GFS
2026-09-07,top_10,Top 10 by peak score,10,0.5,0.0495,0.0811,0.0143,0.0352,63,NTRA,IHG
2026-09-07,top_20,Top 20 by peak score,20,0.5,0.0177,0.0264,-0.0127,0.0304,67.5,NTRA,GEV
2026-09-07,top_30,Top 30 by peak score,30,0.4667,-0.0094,-0.0177,-0.0362,0.0269,62.8,NTRA,GFS
2026-09-07,score_90,Score ≥ 90,441,0.5714,0.0219,0.0202,-0.0077,0.0296,76.5,CRM,STRL
2026-09-07,score_92,Score ≥ 92,301,0.5814,0.0217,0.0216,-0.006,0.0277,71.1,VLO,GFS
2026-09-07,score_95,Score ≥ 95,79,0.4937,0.018,0,-0.0036,0.0216,57.1,VLO,GFS
2026-09-04,top_10,Top 10 by peak score,10,0.5,0.0494,0.08,0.0142,0.0352,60,NTRA,IHG
2026-09-04,top_20,Top 20 by peak score,20,0.5,0.0176,0.0259,-0.0128,0.0304,64.5,NTRA,GEV
2026-09-04,top_30,Top 30 by peak score,30,0.4667,-0.0094,-0.0177,-0.0363,0.0269,59.8,NTRA,GFS
2026-09-04,score_90,Score ≥ 90,441,0.5714,0.0219,0.0202,-0.0077,0.0296,73.5,CRM,STRL
2026-09-04,score_92,Score ≥ 92,301,0.5814,0.0217,0.0216,-0.006,0.0277,68.1,VLO,GFS
2026-09-04,score_95,Score ≥ 95,79,0.4937,0.0179,0,-0.0036,0.0216,54.1,VLO,GFS
2026-09-03,top_10,Top 10 by peak score,10,0.5,0.0592,0.0904,0.0199,0.0393,59,ARGX,IHG
2026-09-03,top_20,Top 20 by peak score,20,0.5,0.0224,0.0286,-0.012,0.0344,63.5,ARGX,GEV
2026-09-03,top_30,Top 30 by peak score,30,0.4667,-0.005,0,-0.0359,0.0308,58.8,ARGX,GFS
2026-09-03,score_90,Score ≥ 90,436,0.6032,0.0253,0.0281,-0.0085,0.0338,73.2,VEEV,STRL
2026-09-03,score_92,Score ≥ 92,300,0.6,0.0274,0.0243,-0.0044,0.0318,67.3,VEEV,GFS
2026-09-03,score_95,Score ≥ 95,77,0.5974,0.0268,0.0099,0.0007,0.0261,54.5,VLO,GFS
2026-09-02,top_10,Top 10 by peak score,10,0.5,0.0467,0.0583,0.0183,0.0285,58,ARGX,IHG
2026-09-02,top_20,Top 20 by peak score,20,0.5,0.0136,0.0106,-0.0101,0.0237,62.5,ARGX,GEV
2026-09-02,top_30,Top 30 by peak score,30,0.4333,-0.0121,-0.0143,-0.0323,0.0202,57.8,ARGX,GFS
2026-09-02,score_90,Score ≥ 90,437,0.5721,0.0172,0.0172,-0.0059,0.0231,72.2,CRM,STRL
2026-09-02,score_92,Score ≥ 92,298,0.5638,0.0167,0.0149,-0.0046,0.0213,66.8,VEEV,GFS
2026-09-02,score_95,Score ≥ 95,76,0.5,0.0193,0.0102,0.0035,0.0158,54.2,VLO,GFS
2026-09-01,top_10,Top 10 by peak score,10,0.5,0.0312,0.0316,0.0073,0.0239,57,ARGX,IHG
2026-09-01,top_20,Top 20 by peak score,20,0.45,0.001,-0.0208,-0.0181,0.0191,61.5,ARGX,GEV
2026-09-01,top_30,Top 30 by peak score,30,0.4,-0.0227,-0.0247,-0.0384,0.0157,56.8,ARGX,GFS
2026-09-01,score_90,Score ≥ 90,436,0.555,0.011,0.0164,-0.0076,0.0187,71.4,CRM,STRL
2026-09-01,score_92,Score ≥ 92,298,0.5369,0.0114,0.0102,-0.0054,0.0168,65.8,VEEV,GFS
2026-09-01,score_95,Score ≥ 95,74,0.5135,0.0116,0.0061,-0.0002,0.0117,54.7,VLO,GFS
2026-08-31,top_10,Top 10 by peak score,9,0.5556,0.0437,0.028,0.0122,0.0315,54,ARGX,PYPL
2026-08-31,top_20,Top 20 by peak score,15,0.5333,0.0262,0.0016,-0.0015,0.0277,53.7,ARGX,LMT
2026-08-31,top_30,Top 30 by peak score,24,0.4167,0.0068,-0.0118,-0.0162,0.023,48.9,ARGX,LMT
2026-08-31,score_90,Score ≥ 90,346,0.6301,0.0443,0.0313,0.0197,0.0246,67.6,CRM,MTZ
2026-08-31,score_92,Score ≥ 92,252,0.5754,0.0395,0.0205,0.0164,0.0231,60.8,VEEV,MTZ
2026-08-31,score_95,Score ≥ 95,65,0.5385,0.0367,0.0122,0.0187,0.018,50.5,VLO,MU
2026-08-28,top_10,Top 10 by peak score,9,0.5556,0.0503,0.0348,0.0157,0.0345,51,NTRA,TBB
2026-08-28,top_20,Top 20 by peak score,15,0.4667,0.0301,-0.0075,-0.0007,0.0307,50.7,NTRA,LMT
2026-08-28,top_30,Top 30 by peak score,24,0.375,0.0092,-0.0075,-0.0169,0.0261,45.9,NTRA,LMT
2026-08-28,score_90,Score ≥ 90,344,0.6541,0.0483,0.032,0.0205,0.0278,65,CRM,MTZ
2026-08-28,score_92,Score ≥ 92,251,0.6175,0.0425,0.0209,0.0163,0.0262,58.1,NTRA,MTZ
2026-08-28,score_95,Score ≥ 95,64,0.5469,0.0386,0.0105,0.0172,0.0214,48.3,VLO,MU
2026-08-27,top_10,Top 10 by peak score,9,0.6667,0.0806,0.0818,0.0437,0.0369,50,NTRA,TBB
2026-08-27,top_20,Top 20 by peak score,15,0.6667,0.0543,0.0266,0.0212,0.0331,49.7,NTRA,LMT
2026-08-27,top_30,Top 30 by peak score,24,0.5833,0.0269,0.0099,-0.0015,0.0284,44.9,NTRA,KHC
2026-08-27,score_90,Score ≥ 90,343,0.6793,0.0528,0.0351,0.0226,0.0302,64.2,CRM,MTZ
2026-08-27,score_92,Score ≥ 92,250,0.632,0.0469,0.0241,0.0182,0.0287,57.3,NTRA,MTZ
2026-08-27,score_95,Score ≥ 95,64,0.5625,0.0457,0.0161,0.022,0.0237,47.3,VLO,MU
2026-08-26,top_10,Top 10 by peak score,9,0.6667,0.08,0.0878,0.0499,0.0301,49,NTRA,TBB
2026-08-26,top_20,Top 20 by peak score,15,0.6,0.0517,0.014,0.0253,0.0264,48.7,NTRA,LMT
2026-08-26,top_30,Top 30 by peak score,24,0.5,0.0259,0.0012,0.0042,0.0217,43.9,NTRA,KHC
2026-08-26,score_90,Score ≥ 90,339,0.6696,0.0556,0.041,0.0317,0.0239,64.2,NTRA,MTZ
2026-08-26,score_92,Score ≥ 92,248,0.6492,0.0497,0.0262,0.0274,0.0223,57.1,NTRA,MTZ
2026-08-26,score_95,Score ≥ 95,63,0.5556,0.0481,0.008,0.0307,0.0174,47.1,VLO,MU
2026-08-25,top_10,Top 10 by peak score,9,0.6667,0.0778,0.0959,0.0479,0.0299,48,NTRA,ALL
2026-08-25,top_20,Top 20 by peak score,15,0.6,0.0528,0.0124,0.0266,0.0261,47.7,NTRA,LMT
2026-08-25,top_30,Top 30 by peak score,23,0.5217,0.0287,0.0004,0.0062,0.0224,44.8,NTRA,LMT
2026-08-25,score_90,Score ≥ 90,335,0.6866,0.0572,0.0419,0.0333,0.0239,63.8,NTRA,MTZ
2026-08-25,score_92,Score ≥ 92,248,0.6169,0.05,0.0263,0.0279,0.022,56.1,NTRA,MTZ
2026-08-25,score_95,Score ≥ 95,61,0.5738,0.0505,0.0105,0.0327,0.0178,47.6,VLO,MU
2026-08-24,top_10,Top 10 by peak score,9,0.5556,0.0712,0.0855,0.0445,0.0266,47,NTRA,TBB
2026-08-24,top_20,Top 20 by peak score,15,0.5333,0.0472,0.0003,0.0244,0.0229,46.7,NTRA,LMT
2026-08-24,top_30,Top 30 by peak score,24,0.5,0.0268,0.0003,0.0087,0.0181,42.8,NTRA,LMT
2026-08-24,score_90,Score ≥ 90,333,0.6787,0.057,0.0432,0.0363,0.0207,62.9,NTRA,NOK
2026-08-24,score_92,Score ≥ 92,246,0.626,0.0511,0.0267,0.0321,0.0189,55.6,TEAM,MTZ
2026-08-24,score_95,Score ≥ 95,61,0.623,0.0507,0.0124,0.0362,0.0145,46.6,VLO,MU
2026-08-21,top_10,Top 10 by peak score,9,0.5556,0.0727,0.0832,0.0431,0.0297,44,NTRA,ALL
2026-08-21,top_20,Top 20 by peak score,15,0.5333,0.051,0.0098,0.0251,0.0259,43.7,NTRA,LMT
2026-08-21,top_30,Top 30 by peak score,24,0.4583,0.0294,0,0.0083,0.0211,39.8,NTRA,LMT
2026-08-21,score_90,Score ≥ 90,331,0.6767,0.0568,0.046,0.0331,0.0237,60,NTRA,NOK
2026-08-21,score_92,Score ≥ 92,243,0.6091,0.0505,0.028,0.0284,0.0221,52.9,TEAM,MTZ
2026-08-21,score_95,Score ≥ 95,60,0.6167,0.0527,0.0139,0.0349,0.0177,44.4,VLO,MU
2026-08-20,top_10,Top 10 by peak score,9,0.5556,0.0693,0.0964,0.0438,0.0255,43,ARGX,TBB
2026-08-20,top_20,Top 20 by peak score,14,0.5714,0.0508,0.0479,0.0273,0.0235,45.9,ARGX,LMT
2026-08-20,top_30,Top 30 by peak score,22,0.4545,0.0271,-0.0064,0.0083,0.0189,42.4,ARGX,KHC
2026-08-20,score_90,Score ≥ 90,327,0.6667,0.05,0.0365,0.0303,0.0197,59.5,TEAM,NOK
2026-08-20,score_92,Score ≥ 92,238,0.5966,0.0424,0.0174,0.0241,0.0183,52.5,NTRA,MTZ
2026-08-20,score_95,Score ≥ 95,57,0.5789,0.0496,0.0083,0.0351,0.0145,45.7,VLO,MU
2026-08-19,top_10,Top 10 by peak score,9,0.5556,0.0738,0.078,0.0396,0.0341,42,LLY,TBB
2026-08-19,top_20,Top 20 by peak score,14,0.5714,0.0575,0.0644,0.0252,0.0322,44.9,LLY,TBB
2026-08-19,top_30,Top 30 by peak score,23,0.5217,0.0311,0.0029,0.0038,0.0273,41.5,LLY,KHC
2026-08-19,score_90,Score ≥ 90,323,0.6842,0.0551,0.0403,0.0266,0.0285,59,TEAM,NOK
2026-08-19,score_92,Score ≥ 92,238,0.6261,0.0487,0.025,0.0218,0.0269,51.9,TEAM,MTZ
2026-08-19,score_95,Score ≥ 95,54,0.7222,0.0584,0.0379,0.0344,0.0239,47.3,VLO,MU
2026-08-18,top_10,Top 10 by peak score,9,0.6667,0.0648,0.0635,0.0328,0.032,41,LLY,TBB
2026-08-18,top_20,Top 20 by peak score,14,0.6429,0.0534,0.0362,0.0233,0.0301,43.9,LLY,TBB
2026-08-18,top_30,Top 30 by peak score,23,0.6087,0.0294,0.025,0.0043,0.0252,40.5,LLY,KHC
2026-08-18,score_90,Score ≥ 90,320,0.6844,0.0511,0.0348,0.0246,0.0265,58.3,HPE,NOK
2026-08-18,score_92,Score ≥ 92,234,0.6111,0.0451,0.0212,0.0199,0.0252,51.7,TEAM,MTZ
2026-08-18,score_95,Score ≥ 95,54,0.6481,0.052,0.0477,0.0302,0.0218,46.3,VLO,MU
2026-08-17,top_10,Top 10 by peak score,9,0.6667,0.0569,0.0642,0.0179,0.039,40,NTRA,TBB
2026-08-17,top_20,Top 20 by peak score,14,0.7143,0.0476,0.0642,0.0106,0.0371,42.9,NTRA,TBB
2026-08-17,top_30,Top 30 by peak score,23,0.6087,0.0263,0.0252,-0.0058,0.0321,39.5,NTRA,KHC
2026-08-17,score_90,Score ≥ 90,319,0.6865,0.0543,0.0384,0.0207,0.0336,57.5,HPE,NOK
2026-08-17,score_92,Score ≥ 92,229,0.6463,0.0465,0.0235,0.0138,0.0327,51.9,NTRA,MTZ
2026-08-17,score_95,Score ≥ 95,54,0.6481,0.0505,0.0302,0.0218,0.0287,45.3,VLO,VICI
2026-08-14,top_10,Top 10 by peak score,9,0.5556,0.0391,0.042,-0.0048,0.0439,37,NTRA,TBB
2026-08-14,top_20,Top 20 by peak score,14,0.5714,0.0368,0.042,-0.0052,0.042,39.9,NTRA,TBB
2026-08-14,top_30,Top 30 by peak score,23,0.5652,0.0236,0.0185,-0.0134,0.037,36.5,NTRA,KHC
2026-08-14,score_90,Score ≥ 90,315,0.7333,0.0598,0.0407,0.0209,0.0389,55.2,HPE,NOK
2026-08-14,score_92,Score ≥ 92,226,0.708,0.0516,0.0322,0.0135,0.0381,49.6,TEAM,MTZ
2026-08-14,score_95,Score ≥ 95,54,0.7222,0.051,0.0356,0.0174,0.0336,42.3,VLO,MU
2026-08-13,top_10,Top 10 by peak score,9,0.5556,0.0399,0.0438,-0.0061,0.046,36,LLY,TBB
2026-08-13,top_20,Top 20 by peak score,13,0.6923,0.0408,0.0438,-0.0065,0.0473,41.9,LLY,TBB
2026-08-13,top_30,Top 30 by peak score,22,0.5909,0.0247,0.0213,-0.0161,0.0408,37.1,LLY,KHC
2026-08-13,score_90,Score ≥ 90,310,0.7065,0.0585,0.0353,0.0169,0.0416,55.1,HPE,NOK
2026-08-13,score_92,Score ≥ 92,225,0.6667,0.0498,0.0224,0.0095,0.0403,48.8,TEAM,MTZ
2026-08-13,score_95,Score ≥ 95,52,0.7115,0.0515,0.0439,0.0145,0.037,42.9,VLO,MU
2026-08-12,top_10,Top 10 by peak score,9,0.6667,0.0412,0.0285,0.0025,0.0388,35,LLY,TBB
2026-08-12,top_20,Top 20 by peak score,14,0.6429,0.0335,0.0285,-0.0038,0.0373,38.6,LLY,TBB
2026-08-12,top_30,Top 30 by peak score,23,0.6087,0.0188,0.0102,-0.0149,0.0337,36.4,LLY,KHC
2026-08-12,score_90,Score ≥ 90,304,0.7039,0.0558,0.0359,0.0208,0.035,55.1,HPE,NOK
2026-08-12,score_92,Score ≥ 92,223,0.6682,0.0469,0.022,0.0134,0.0335,48.2,NTRA,MTZ
2026-08-12,score_95,Score ≥ 95,51,0.7059,0.0455,0.0274,0.0149,0.0305,42.7,VLO,MU
2026-08-11,top_10,Top 10 by peak score,9,0.4444,0.0389,-0.0005,0.0027,0.0362,34,LLY,TBB
2026-08-11,top_20,Top 20 by peak score,14,0.5,0.0289,0.0009,-0.0057,0.0347,37.6,LLY,TBB
2026-08-11,top_30,Top 30 by peak score,23,0.4783,0.0122,-0.0005,-0.0189,0.0311,35.4,LLY,KHC
2026-08-11,score_90,Score ≥ 90,303,0.6766,0.0534,0.0378,0.0208,0.0326,54.3,HPE,NOK
2026-08-11,score_92,Score ≥ 92,217,0.6544,0.0454,0.0234,0.0136,0.0318,48.6,NTRA,MTZ
2026-08-11,score_95,Score ≥ 95,49,0.6327,0.0422,0.023,0.013,0.0292,43.5,VLO,MU
2026-08-10,top_10,Top 10 by peak score,9,0.6667,0.0464,0.0162,0.0069,0.0395,33,LLY,TBB
2026-08-10,top_20,Top 20 by peak score,14,0.5,0.031,0.005,-0.007,0.038,36.6,LLY,TBB
2026-08-10,top_30,Top 30 by peak score,23,0.4783,0.0122,-0.001,-0.0222,0.0344,34.4,LLY,KHC
2026-08-10,score_90,Score ≥ 90,298,0.7013,0.0517,0.0399,0.0153,0.0364,54.2,NTRA,NOK
2026-08-10,score_92,Score ≥ 92,212,0.6557,0.0451,0.0256,0.0092,0.0359,48.7,NTRA,MTZ
2026-08-10,score_95,Score ≥ 95,48,0.6875,0.0415,0.0288,0.0084,0.0331,43.4,RVMD,MU
2026-08-07,top_10,Top 10 by peak score,4,1,0.034,0.0367,-0.004,0.038,18.8,RVMD,MUFG
2026-08-07,top_20,Top 20 by peak score,7,0.5714,0.0102,0.0176,-0.0259,0.0361,31.3,RVMD,BMY
2026-08-07,top_30,Top 30 by peak score,14,0.3571,-0.0059,0,-0.037,0.0311,29.7,RVMD,KHC
2026-08-07,score_90,Score ≥ 90,126,0.6746,0.045,0.0337,0.01,0.0349,49.6,ATI,NOK
2026-08-07,score_92,Score ≥ 92,94,0.5851,0.0347,0.0101,-0.0005,0.0352,45.3,RVMD,MTZ
2026-08-07,score_95,Score ≥ 95,26,0.5,0.0366,0.0022,0.0052,0.0314,36.9,ALL,MU
2026-08-06,top_10,Top 10 by peak score,4,1,0.034,0.0367,0.0023,0.0317,17.8,RVMD,MUFG
2026-08-06,top_20,Top 20 by peak score,7,0.5714,0.0102,0.0176,-0.0196,0.0298,30.3,RVMD,BMY
2026-08-06,top_30,Top 30 by peak score,14,0.3571,-0.0059,0,-0.0308,0.0248,28.7,RVMD,KHC
2026-08-06,score_90,Score ≥ 90,126,0.6746,0.045,0.0337,0.0163,0.0287,48.6,ATI,NOK
2026-08-06,score_92,Score ≥ 92,94,0.5851,0.0347,0.0101,0.0058,0.0289,44.3,RVMD,MTZ
2026-08-06,score_95,Score ≥ 95,26,0.5,0.0366,0.0022,0.0115,0.0251,35.9,ALL,MU
2026-08-05,top_10,Top 10 by peak score,7,0.4286,0.0141,-0.003,-0.0229,0.0369,28.1,LLY,TBB
2026-08-05,top_20,Top 20 by peak score,9,0.3333,0.0057,-0.0049,-0.0278,0.0335,30.8,LLY,BMY
2026-08-05,top_30,Top 30 by peak score,14,0.3571,-0.0011,-0.003,-0.0333,0.0322,26.1,LLY,KHC
2026-08-05,score_90,Score ≥ 90,204,0.7059,0.0527,0.0432,0.0192,0.0334,49.9,HPE,Q
2026-08-05,score_92,Score ≥ 92,146,0.6301,0.0362,0.022,0.0023,0.0339,45.1,NTRA,Q
2026-08-05,score_95,Score ≥ 95,32,0.5938,0.0333,0.0143,0.0028,0.0305,38.6,ALL,EQT
2026-08-03,top_10,Top 10 by peak score,10,0.3,-0.0117,-0.0102,-0.0301,0.0184,28,LLY,IHG
2026-08-03,top_20,Top 20 by peak score,17,0.2941,-0.0345,-0.0192,-0.0509,0.0164,37.1,KVUE,GFS
2026-08-03,top_30,Top 30 by peak score,25,0.36,-0.0168,-0.017,-0.0346,0.0177,37.7,INCY,GFS
2026-08-03,score_90,Score ≥ 90,321,0.6199,0.0308,0.0251,0.0124,0.0184,51.6,HPE,GFS
2026-08-03,score_92,Score ≥ 92,221,0.5747,0.0203,0.013,0.0026,0.0177,46.3,SN,GFS
2026-08-03,score_95,Score ≥ 95,43,0.6047,0.0185,0.0201,0.0013,0.0172,43.2,VLO,GFS
2026-08-02,top_10,Top 10 by peak score,10,0.4,-0.0031,-0.0043,-0.0072,0.0041,27,LLY,IHG
2026-08-02,top_20,Top 20 by peak score,20,0.4,-0.0283,-0.0049,-0.0312,0.0028,40.2,KVUE,GFS
2026-08-02,top_30,Top 30 by peak score,30,0.4,-0.0189,-0.0049,-0.0214,0.0025,38.3,INCY,GFS
2026-08-02,score_90,Score ≥ 90,366,0.5683,0.0031,0.009,-0.0012,0.0043,51.7,SN,GFS
2026-08-02,score_92,Score ≥ 92,240,0.5167,0.0015,0.0021,-0.0018,0.0034,47.6,SN,GFS
2026-08-02,score_95,Score ≥ 95,47,0.5319,-0.0021,0.0085,-0.0053,0.0031,46.4,VLO,GFS
2026-07-31,top_10,Top 10 by peak score,10,0.4,-0.0031,-0.0043,-0.0072,0.0041,25,LLY,IHG
2026-07-31,top_20,Top 20 by peak score,17,0.4706,-0.0031,-0.0043,-0.0065,0.0034,34.6,KVUE,GEV
2026-07-31,top_30,Top 30 by peak score,25,0.48,0.001,-0.0043,-0.0024,0.0034,34,INCY,GEV
2026-07-31,score_90,Score ≥ 90,311,0.6399,0.0265,0.0186,0.0222,0.0044,49,SN,MTZ
2026-07-31,score_92,Score ≥ 92,211,0.564,0.02,0.0068,0.0164,0.0036,44.4,SN,MTZ
2026-07-31,score_95,Score ≥ 95,41,0.6098,0.0241,0.0134,0.0205,0.0036,42.1,VLO,MU
2026-07-30,top_10,Top 10 by peak score,9,0.4444,0.0037,0,0.0058,-0.0021,25.1,LLY,IHG
2026-07-30,top_20,Top 20 by peak score,12,0.5833,0.0172,0.0146,0.0188,-0.0016,28.2,CVS,IHG
2026-07-30,top_30,Top 30 by peak score,20,0.5,0.0156,0.0004,0.0181,-0.0025,29.6,INCY,EQT
2026-07-30,score_90,Score ≥ 90,223,0.7175,0.044,0.0346,0.0466,-0.0026,46.6,INCY,ALNY
2026-07-30,score_92,Score ≥ 92,155,0.6452,0.036,0.0243,0.0384,-0.0024,42.4,VLO,NOW
2026-07-30,score_95,Score ≥ 95,34,0.6176,0.0391,0.0178,0.042,-0.0029,38.9,VLO,FICO
2026-07-29,top_10,Top 10 by peak score,5,0.4,0.0006,-0.0086,0.0234,-0.0229,29.4,LLY,NTRA
2026-07-29,top_20,Top 20 by peak score,14,0.4286,-0.0354,-0.0086,-0.0122,-0.0232,40.6,KVUE,GFS
2026-07-29,top_30,Top 30 by peak score,23,0.4348,-0.0192,-0.0086,0.0034,-0.0226,37,INCY,GFS
2026-07-29,score_90,Score ≥ 90,222,0.5495,0.004,0.019,0.0232,-0.0191,48.6,INCY,GFS
2026-07-29,score_92,Score ≥ 92,138,0.5362,0.0037,0.0101,0.024,-0.0203,45.7,INCY,GFS
2026-07-29,score_95,Score ≥ 95,34,0.5588,0.0052,0.0147,0.0271,-0.0219,42.3,INCY,GFS
2026-07-24,top_10,Top 10 by peak score,10,0.3,-0.0149,-0.0188,-0.009,-0.006,36.4,LLY,MSCI
2026-07-24,top_20,Top 20 by peak score,19,0.4737,-0.0017,-0.002,0.0027,-0.0044,35.4,TRV,GFS
2026-07-24,top_30,Top 30 by peak score,29,0.4828,-0.0029,-0.002,0.0023,-0.0052,35.8,TRV,GFS
2026-07-24,score_90,Score ≥ 90,344,0.5814,0.0042,0.011,0.0077,-0.0035,45.8,TRV,NOK
2026-07-24,score_92,Score ≥ 92,217,0.5714,0.0041,0.0111,0.0086,-0.0045,43.2,EQNR,GFS
2026-07-24,score_95,Score ≥ 95,46,0.587,0.0107,0.0209,0.0151,-0.0044,38.3,LLY,GFS
2026-07-21,top_10,Top 10 by peak score,10,0.3,-0.0228,-0.0325,-0.0176,-0.0052,33.4,LLY,IHG
2026-07-21,top_20,Top 20 by peak score,20,0.35,-0.01,0,-0.0059,-0.0041,33.5,TRV,GFS
2026-07-21,top_30,Top 30 by peak score,30,0.3333,-0.0185,-0.0077,-0.0144,-0.0041,33.8,INCY,GFS
2026-07-21,score_90,Score ≥ 90,339,0.5162,-0.0054,0.0024,-0.0027,-0.0027,43.5,CRWD,GFS
2026-07-21,score_92,Score ≥ 92,210,0.5238,-0.0074,0.0038,-0.0036,-0.0038,41.6,VLO,GFS
2026-07-21,score_95,Score ≥ 95,44,0.4773,-0.0044,0,-0.0004,-0.004,37,VLO,GFS
2026-07-20,top_10,Top 10 by peak score,9,0.3333,-0.0129,-0.0177,-0.0088,-0.0041,36,LLY,NVDA
2026-07-20,top_20,Top 20 by peak score,17,0.4118,-0.0042,-0.0072,-0.001,-0.0032,38.2,TRV,GFS
2026-07-20,top_30,Top 30 by peak score,27,0.4074,-0.0121,-0.0092,-0.0091,-0.003,36.4,INCY,GFS
2026-07-20,score_90,Score ≥ 90,332,0.5482,0.0003,0.0112,0.0014,-0.0011,43.3,CRWD,GFS
2026-07-20,score_92,Score ≥ 92,206,0.534,-0.0022,0.0064,0,-0.0023,41.4,CRWD,GFS
2026-07-20,score_95,Score ≥ 95,43,0.4651,0.0007,-0.003,0.0032,-0.0025,36.9,VLO,GFS
2026-07-19,top_10,Top 10 by peak score,10,0.2,-0.0206,-0.0098,-0.0176,-0.003,32.8,LLY,NVDA
2026-07-19,top_20,Top 20 by peak score,20,0.4,-0.016,-0.0034,-0.0141,-0.0019,33,TRV,GFS
2026-07-19,top_30,Top 30 by peak score,30,0.3667,-0.0282,-0.0098,-0.0271,-0.0011,33.2,TRV,GFS
2026-07-19,score_90,Score ≥ 90,337,0.5401,-0.0039,0.0067,-0.0028,-0.001,42.9,SN,MLI
2026-07-19,score_92,Score ≥ 92,209,0.5072,-0.0102,0.0027,-0.0075,-0.0027,40.8,SN,MLI
2026-07-19,score_95,Score ≥ 95,44,0.5,-0.0006,0.0006,0.0015,-0.0021,36.6,VLO,STRL
2026-07-18,top_10,Top 10 by peak score,10,0.1,-0.0227,-0.0204,-0.0197,-0.003,32,LLY,NVDA
2026-07-18,top_20,Top 20 by peak score,20,0.35,-0.0165,-0.0056,-0.0136,-0.0029,31.9,TRV,GFS
2026-07-18,top_30,Top 30 by peak score,30,0.3333,-0.0195,-0.0108,-0.0155,-0.004,31.1,TRV,GFS
2026-07-18,score_90,Score ≥ 90,361,0.5346,-0.0033,0.0056,-0.002,-0.0013,41.9,SN,MLI
2026-07-18,score_92,Score ≥ 92,226,0.4912,-0.0097,-0.0001,-0.0072,-0.0025,39.7,SN,MLI
2026-07-18,score_95,Score ≥ 95,48,0.4792,-0.0031,-0.0021,-0.0005,-0.0027,35.6,VLO,STRL
2026-07-17,top_10,Top 10 by peak score,10,0.1,-0.0227,-0.0204,-0.0197,-0.003,31,LLY,NVDA
2026-07-17,top_20,Top 20 by peak score,20,0.35,-0.0165,-0.0056,-0.0136,-0.0029,30.9,TRV,GFS
2026-07-17,top_30,Top 30 by peak score,30,0.3333,-0.0195,-0.0108,-0.0155,-0.004,30.1,TRV,GFS
2026-07-17,score_90,Score ≥ 90,361,0.5346,-0.0033,0.0056,-0.0021,-0.0013,40.9,SN,MLI
2026-07-17,score_92,Score ≥ 92,226,0.4912,-0.0097,-0.0001,-0.0072,-0.0025,38.7,SN,MLI
2026-07-17,score_95,Score ≥ 95,48,0.4792,-0.0031,-0.0021,-0.0005,-0.0027,34.6,VLO,STRL
